Id,Start time,Completion time,Email,Name,"Duke klikuar me poshte, konfirmoj qe kam lexuar informacionin me siper dhe jap pelqimin tim per pjesemarrje ne kete studim.",Cili pershkrim i pershtatet me mire rolit tuaj aktual?,Sa vite pervoje keni ne sektorin bankar apo financiar?,A ka institucioni juaj nje departament ose njesi te dedikuar per transformimin digjital ose inovacionin?,A perdor aktualisht institucioni juaj ndonje teknologji te bazuar ne inteligjence artificiale?,Ne cilat fusha perdoret ose planifikohet perdorimi i IA?,Mund te na tregoni shkurt per nje shembull konkret te perdorimit (ose te planifikimit) te IA ne institucionin tuaj? Cfare ka funksionuar mire dhe cfare jo?,"Ne pergjithesi, si e vleresoni potencialin e IA per te transformuar sektorin bankar shqiptar ne 5-10 vitet e ardhshme?","Renditni keto fusha sipas potencialit qe mendoni se IA ka per sektorin bankar shqiptar
(nga me e rendesishmja ne me pak te rendesishmen)",A keni vene re ndonje ndryshim ne pritshmeri ose kerkesa te klienteve tuaj lidhur me sherbimet digjitale ose IA ne vitet e fundit?,Si i vleresoni pengesat e meposhtme per adoptimin e IA ne sektorin bankar shqiptar?.Mungesa e buxhetit te dedikuar per investime ne IA,Si i vleresoni pengesat e meposhtme per adoptimin e IA ne sektorin bankar shqiptar?.Mungesa e stafit te kualifikuar ne fushen e IA,Si i vleresoni pengesat e meposhtme per adoptimin e IA ne sektorin bankar shqiptar?.Infrastruktura teknologjike e pamjaftueshme,Si i vleresoni pengesat e meposhtme per adoptimin e IA ne sektorin bankar shqiptar?.Mungesa e te dhenave cilesore per te trajnuar modele IA,Si i vleresoni pengesat e meposhtme per adoptimin e IA ne sektorin bankar shqiptar?.Paqartesia e kuadrit rregullator per IA,Si i vleresoni pengesat e meposhtme per adoptimin e IA ne sektorin bankar shqiptar?.Rezistenca ndaj ndryshimit brenda organizates,"Nga pengesat qe vleresuat me siper, cila mendoni se eshte me urgjentja per tu adresuar dhe pse?","A ka shqetesime ne institucionin tuaj mbi privatesine e te dhenave te klienteve, etiken, ose transparencen kur behet fjale per perdorimin e IA ne vendimmarrje?",Si e pershkruani me mire kuadrin aktual rregullator ne Shqiperi per sa i perket perdorimit te IA ne banka?,Sa i pergatitur mendoni se eshte sektori bankar shqiptar per kerkesat e EU AI Act?,"Cfare hapash konkrete mendoni se duhet te ndermarre Banka e Shqiperise, AFSA, ose qeveria per te krijuar nje mjedis me te pershtatshem per adoptimin e IA ne banka?",Si e parashikoni sektorin bankar shqiptar pas 5-10 vitesh ne lidhje me IA? Cfare do te kete ndryshuar me shume krahasuar me sot?,"Nese do t'i rekomandonit nje banke ne Shqiperi tre hapa konkrete per te filluar (ose perparuar) adoptimin e IA sot, cilat do te ishin ato?"
1,4/14/2026 9:42,4/14/2026 9:54,anonymous,,"Po, jap pelqimin tim","Drejtues i larte (CEO, Zv. Drejtor, Anetar Bordi)",Mbi 20 vjet,"Po, departament te dedikuar","Po, ne disa fusha tashme","Zbulimi i mashtrimeve (fraud detection);Sherbimi ndaj klientit (chatbot, asistent virtual);Analiza e te dhenave dhe raportimi;Perputhshmeria rregullatore (compliance, AML/KYC);Vleresimi i riskut te kreditit (credit scoring);",Ne nivel grupi kemi nje laborator te dedikuar per inteligjencen artificiale dhe programe te brendshme per adoptimin e saj. Lokalisht kemi nisur me zbulimin e mashtrimeve dhe me asistente virtuale per pyetjet baze te klienteve. Ka funksionuar mire ulja e kohes se pergjigjes dhe identifikimi i transaksioneve te dyshimta; sfida kryesore mbetet cilesia e te dhenave lokale dhe integrimi me sistemet ekzistuese (core banking).,5,"Zbulimi i mashtrimeve;Vleresimi i riskut te kreditit;Sherbimi ndaj klientit (chatbot, asistente virtuale);Perputhshmeria rregullatore;Automatizimi i proceseve te brendshme;Personalizimi i produkteve per klientin;","Po, ndjeshem. Klientet presin sherbim 24/7 ne aplikacion, hapje llogarie online dhe pergjigje te menjehershme. Pritshmeria eshte rritur sidomos te brezi i ri.",Pengese e madhe,Pengese e madhe,Pengese e moderuar,Pengese e madhe,Pengese e madhe,Pengese e moderuar,"Paqartesia e kuadrit rregullator se bashku me mungesen e stafit te specializuar. Pa nje kuader te qarte, edhe kur buxheti ekziston, investimet frenohen nga rreziku ligjor.","Po, privatesia dhe transparenca jane prioritet. Zbatojme Ligjin 124/2024 per mbrojtjen e te dhenave dhe parimet e grupit per IA te pergjegjshme, me mbikeqyrje njerezore mbi cdo vendim automatik qe prek klientin.",Ekziston por eshte i pamjaftueshem,2,"Banka e Shqiperise duhet te nxjerre udhezime specifike per menaxhimin e rrezikut te modeleve IA, te harmonizoje kuadrin me EU AI Act (sidomos credit scoring si risk i larte) dhe te krijoje nje 'sandbox' rregullator ku bankat te testojne raste perdorimi te kontrolluara.","Pas 5-10 vitesh shumica e nderveprimeve do jene digjitale; vleresimi i rrezikut dhe kredidhenia do mbeshteten gjeresisht nga IA, ndersa degat fizike do reduktohen dhe do fokusohen te keshillimi me vlere te shtuar.","1. Strategji e qarte per IA dhe qeverisje e te dhenave.
2. Nis me raste me impakt te larte dhe risk te ulet (chatbot, automatizim back-office).
3. Investo ne staf dhe trajnim, ose partneritet me fintech vendase."
2,4/16/2026 14:08,4/16/2026 14:21,anonymous,,"Po, jap pelqimin tim","Drejtues i larte (CEO, Zv. Drejtor, Anetar Bordi)",11-20 vjet,"Po, departament te dedikuar","Po, ne disa fusha tashme","Sherbimi ndaj klientit (chatbot, asistent virtual);Zbulimi i mashtrimeve (fraud detection);Analiza e te dhenave dhe raportimi;Marketingu dhe personalizimi i ofertave;Automatizimi i proceseve te brendshme (back-office);","Kemi futur asistente virtuale ne kanalet digjitale dhe modele per personalizimin e ofertave. Asistenti virtual ka ulur ngarkesen ne qendren e thirrjeve, por ende eshte i kufizuar per kerkesa komplekse dhe kalon te operatori njerezor. Personalizimi kerkon te dhena me cilesi me te larte se sa kemi sot.",5,"Sherbimi ndaj klientit (chatbot, asistente virtuale);Zbulimi i mashtrimeve;Personalizimi i produkteve per klientin;Vleresimi i riskut te kreditit;Automatizimi i proceseve te brendshme;Perputhshmeria rregullatore;","Po. Klientet, sidomos ata me te rinj, e konsiderojne aplikacionin si kanalin kryesor dhe krahasojne sherbimin tone me platformat fintech nderkombetare.",Pengese e madhe,Pengese e madhe,Pengese e moderuar,Pengese e madhe,Pengese kritike,Pengese e moderuar,"Kuadri rregullator. Per nje grup nderkombetar, mungesa e rregullave te qarta lokale per IA krijon pasiguri ligjore dhe ngadaleson vendimet e investimit.",Po. Cdo perdorim i IA ne vendimmarrje kalon nga nje vleresim i ndikimit mbi privatesine dhe ruan mbikeqyrjen njerezore. Transparenca ndaj klientit eshte e detyrueshme per ne.,Ekziston por eshte i pamjaftueshem,2,"Te percaktohet qarte autoriteti pergjegjes per mbikeqyrjen e IA ne banka, te publikohen udhezime per modelet me risk te larte dhe te nxitet bashkepunimi me rregullatoret e BE-se perpara afatit te gushtit 2026 te EU AI Act.","Banking-u do jete kryesisht 'digital-first', me hapje llogarish dhe kredi te shpejta online; diferencimi mes bankave do varet nga sa mire perdorin te dhenat dhe IA-ne.","1. Ndertimi i nje platforme te unifikuar te dhenash.
2. Pilotim i kontrolluar ne nje fushe (p.sh. chatbot ose AML).
3. Ngritja e qeverisjes se modeleve dhe trajnimi i stafit."
3,4/22/2026 11:30,4/22/2026 11:41,anonymous,,"Po, jap pelqimin tim",Menaxher IT / Teknologjie / Inovacioni,11-20 vjet,"Po, departament te dedikuar","Po, ne disa fusha tashme","Zbulimi i mashtrimeve (fraud detection);Analiza e te dhenave dhe raportimi;Automatizimi i proceseve te brendshme (back-office);Perputhshmeria rregullatore (compliance, AML/KYC);","Perdorim modele per zbulimin e mashtrimeve dhe automatizimin e raportimeve rregullatore. Rezultatet ne fraud detection kane qene premtuese, por modelet kerkojne ritrajnim te vazhdueshem dhe nje infrastrukture te dhenash qe ende po e konsolidojme. Integrimi me sistemet legacy mbetet pjesa me e veshtire.",4,"Zbulimi i mashtrimeve;Automatizimi i proceseve te brendshme;Vleresimi i riskut te kreditit;Perputhshmeria rregullatore;Sherbimi ndaj klientit (chatbot, asistente virtuale);Personalizimi i produkteve per klientin;","Po, kerkesa per sherbime te menjehershme dhe vetesherbim ne aplikacion eshte rritur; klientet tolerojne gjithnje e me pak nderprerjet.",Pengese e moderuar,Pengese kritike,Pengese kritike,Pengese e madhe,Pengese e madhe,Pengese e moderuar,"Mungesa e stafit te kualifikuar ne IA dhe infrastruktura. Pa inxhiniere te dhenash dhe platforme te qendrueshme, projektet mbeten ne faze pilot dhe nuk shkojne ne prodhim.",Po. Aplikojme minimizimin e te dhenave dhe enkriptim perpara se te dhenat te perpunohen nga modelet; vendimet me ndikim te larte mbahen nen mbikeqyrje njerezore.,Ekziston por eshte i pamjaftueshem,3,"Standardizimi i qeverisjes se modeleve IA, kerkesa minimale per dokumentim teknik dhe log-im te mbikeqyrjes njerezore, si dhe nxitja e ndarjes se anonimizuar te te dhenave mes institucioneve per trajnim.",Shumica e proceseve te brendshme do jene te automatizuara dhe vendimet do mbeshteten nga modele; do rritet roli i ekipeve te te dhenave brenda bankave.,"1. Konsolidim i te dhenave dhe nje platforme e vetme.
2. Punesim/trajnim i inxhiniereve te te dhenave.
3. Nje rast perdorimi ne prodhim me matje te qarte impakti."
4,4/28/2026 16:12,4/28/2026 16:23,anonymous,,"Po, jap pelqimin tim",Menaxher IT / Teknologjie / Inovacioni,6-10 vjet,"Po, por eshte pjese e departamentit te IT","Jo, por kemi plane konkrete per vitin e ardhshem","Sherbimi ndaj klientit (chatbot, asistent virtual);Automatizimi i proceseve te brendshme (back-office);","Aktualisht jemi te forte ne banking-un digjital me aplikacionin tone mobile, por IA-ne ende nuk e perdorim ne prodhim. Per vitin e ardhshem planifikojme nje chatbot per pyetjet baze dhe automatizim te disa proceseve back-office. Sfida me e madhe eshte nderlidhja me core banking system-in dhe sigurimi i te dhenave te paster.",4,"Sherbimi ndaj klientit (chatbot, asistente virtuale);Automatizimi i proceseve te brendshme;Zbulimi i mashtrimeve;Vleresimi i riskut te kreditit;Personalizimi i produkteve per klientin;Perputhshmeria rregullatore;",Po. Klientet perdorin mobile banking-un 24/7 dhe kerkojne hapje llogarie e pagesa pa ardhur ne dege. Numri i vizitave ne sportel ka rene.,Pengese e madhe,Pengese e madhe,Pengese kritike,Pengese e madhe,Pengese e moderuar,Pengese e madhe,"Infrastruktura teknologjike. Pa nje platforme te dhenash dhe integrim te mire me sistemet ekzistuese, cdo projekt IA ngec ne faze testimi.","Po, ka shqetesime per privatesine. Mendojme t'i adresojme me politika te brendshme, anonimizim te te dhenave per trajnim dhe akses te kufizuar.",Ekziston por eshte i pamjaftueshem,2,"Krijimi i nje kuadri rregullator te qarte per IA, fillimisht ne nje mjedis testimi, dhe me pas futja graduale ne sektore te caktuar; gjithashtu mbeshtetje per ngritjen e kapaciteteve.",IA do perdoret me shume per sherbime specifike si chatbot me klientet dhe automatizim sherbimesh; degat do shnderrohen ne pika keshillimi.,"1. Ngritja e infrastruktures se nevojshme.
2. Marrja/trajnimi i stafit perkates.
3. Testimi i nje sherbimi te caktuar me IA perpara prodhimit."
5,5/4/2026 10:05,5/4/2026 10:18,anonymous,,"Po, jap pelqimin tim","Drejtues i larte (CEO, Zv. Drejtor, Anetar Bordi)",11-20 vjet,"Po, por eshte pjese e departamentit te IT","Jo, por e kemi ne diskutim",Zbulimi i mashtrimeve (fraud detection);Vleresimi i riskut te kreditit (credit scoring);Automatizimi i proceseve te brendshme (back-office);,"Si banka me e madhe ne treg kemi mundesi te mira investimi, por po veprojme me kujdes. Po diskutojme perdorimin e IA per vleresimin e rrezikut te kreditit dhe zbulimin e mashtrimeve. Ende nuk kemi nje rast ne prodhim sepse duam fillimisht nje strategji te qarte dhe nje kuader te brendshem qeverisjeje.",5,"Vleresimi i riskut te kreditit;Zbulimi i mashtrimeve;Automatizimi i proceseve te brendshme;Sherbimi ndaj klientit (chatbot, asistente virtuale);Perputhshmeria rregullatore;Personalizimi i produkteve per klientin;","Po, klientet kerkojne procese me te shpejta kredie dhe pagesash dhe me pak burokraci ne dege.",Pengese e moderuar,Pengese e madhe,Pengese e madhe,Pengese e madhe,Pengese e madhe,Pengese e madhe,"Stafi i kualifikuar dhe paqartesia rregullatore. Buxhetin e kemi, por mungojne specialistet dhe nje kuader ligjor qe te na japi siguri per kredidhenien me IA.","Po, ka shqetesime te konsiderueshme, sidomos per vendimet e kredise. Mendojme t'i adresojme me transparence ndaj klientit dhe me te drejten per shqyrtim njerezor te vendimit.",Praktikisht nuk ekziston specifikisht per IA,2,"Hartimi i nje kuadri rregullator specifik per IA ne banka, percaktimi i pergjegjesive mes Bankes se Shqiperise dhe AFSA-s, dhe nxitja e investimeve ne kapacitete njerezore.",Kreditimi do behet me inteligjent dhe me i shpejte; konkurrenca do zhvendoset nga rrjeti i degeve te aftesia per te perdorur te dhenat.,"1. Strategji e qarte IA dhe infrastrukture te dhenash.
2. Fillim me raste me impakt te larte dhe risk te ulet.
3. Ndertim i kapaciteteve te brendshme ose partneritet."
6,5/9/2026 13:20,5/9/2026 13:38,anonymous,,"Po, jap pelqimin tim","Perfaqesues rregullator (Banka e Shqiperise, AFSA, ose institucion tjeter mbikeqyres)",11-20 vjet,"Po, por eshte pjese e departamentit te IT","Jo, por e kemi ne diskutim","Perputhshmeria rregullatore (compliance, AML/KYC);Zbulimi i mashtrimeve (fraud detection);Analiza e te dhenave dhe raportimi;","Nga kendveshtrimi mbikeqyres, interesi kryesor eshte perdorimi i IA per perputhshmerine rregullatore (AML/KYC) dhe monitorimin e transaksioneve. Vleresojme se teknologjia ndihmon, por mungon ende nje kuader i qarte per mbikeqyrjen e modeleve dhe per pergjegjesine ne rast vendimesh te gabuara.",4,"Perputhshmeria rregullatore;Zbulimi i mashtrimeve;Vleresimi i riskut te kreditit;Automatizimi i proceseve te brendshme;Sherbimi ndaj klientit (chatbot, asistente virtuale);Personalizimi i produkteve per klientin;","Po. Verejme presion ne rritje nga konsumatoret per sherbime digjitale, gje qe rrit edhe rendesine e mbrojtjes se te dhenave dhe transparences ne vendimmarrje.",Pengese e moderuar,Pengese e madhe,Pengese e moderuar,Pengese e madhe,Pengese kritike,Pengese e moderuar,Paqartesia e kuadrit rregullator. Pa rregulla te qarta per IA - sidomos per sistemet me risk te larte si credit scoring - bankat veprojne me kujdes te tepruar dhe mbikeqyrja behet e veshtire. Kjo eshte pengesa qe duhet adresuar e para.,"Po, ky eshte nje shqetesim qendror. Ligji 124/2024 per mbrojtjen e te dhenave vendos kerkesa per vendimmarrjen e automatizuar dhe profilizimin. Adresimi kerkon vleresime te ndikimit mbi mbrojtjen e te dhenave, transparence ndaj klientit dhe mbikeqyrje njerezore te detyrueshme per vendimet me ndikim te larte.",Praktikisht nuk ekziston specifikisht per IA,2,"1) Banka e Shqiperise te publikoje udhezime per menaxhimin e rrezikut te modeleve IA. 2) Harmonizim i kuadrit me EU AI Act, duke klasifikuar credit scoring-un si risk te larte perpara afatit te gushtit 2026. 3) Krijimi i nje 'regulatory sandbox' dhe rritja e kapaciteteve mbikeqyrese te institucioneve.","Pres nje kuader rregullator me te pjekur, te perafruar me BE-ne, dhe perdorim me te gjere te IA ne AML dhe credit scoring nen mbikeqyrje me te forte. Sfida do jete balanca mes inovacionit dhe mbrojtjes se konsumatorit.","1. Vleresim i rrezikut dhe inventar i sistemeve IA ekzistuese.
2. Politika e brendshme per qeverisjen e modeleve dhe te dhenave.
3. Fillim me raste me risk te ulet, me dokumentim e mbikeqyrje njerezore."
7,5/12/2026 18:44,5/12/2026 18:55,anonymous,,"Po, jap pelqimin tim","Konsulent ose ekspert i jashtem (fintech, teknologji, financa)",6-10 vjet,"Jo, por ka plane per te krijuar","Po, ne disa fusha tashme","Sherbimi ndaj klientit (chatbot, asistent virtual);Automatizimi i proceseve te brendshme (back-office);Analiza e te dhenave dhe raportimi;Marketingu dhe personalizimi i ofertave;","Kam ndihmuar disa institucione te vendosin asistente virtuale dhe lexues te automatizuar te formularve. Aty ku te dhenat ishin te paster, rezultati ka qene shume i mire; aty ku te dhenat ishin te shperndara dhe pa cilesi, projektet kane deshtuar ose jane vonuar. Mesimi kryesor: pa qeverisje te te dhenave, IA nuk jep vlere.",5,"Sherbimi ndaj klientit (chatbot, asistente virtuale);Zbulimi i mashtrimeve;Automatizimi i proceseve te brendshme;Vleresimi i riskut te kreditit;Personalizimi i produkteve per klientin;Perputhshmeria rregullatore;","Po, qarte. Klientet i krahasojne bankat me aplikacionet fintech dhe presin te njejten shpejtesi e thjeshtesi.",Pengese e madhe,Pengese kritike,Pengese e madhe,Pengese kritike,Pengese e madhe,Pengese e moderuar,Cilesia e te dhenave dhe stafi. Shumica e bankave shqiptare nuk kane ende te dhena te gatshme per trajnim modelesh dhe i mungojne inxhinieret e te dhenave; keto duhen adresuar para se te flitet per IA te avancuar.,"Po. Keshilloj gjithmone enkriptim, minimizim te te dhenave dhe nje 'human-in-the-loop' per vendimet qe prekin klientin; ndryshe rreziku reputacional dhe ligjor eshte i larte.",Ekziston por eshte i pamjaftueshem,2,"Udhezime praktike per bankat e vogla, lehtesira fiskale per investime ne teknologji dhe trajnim, dhe nje sandbox ku fintech-et e bankat te testojne bashke pa rrezik rregullator.",Bankat qe investojne sot ne te dhena do dominojne; ato qe presin do mbeten thjesht perdorues te zgjidhjeve te jashtme. Do shohim me shume partneritete banke-fintech.,"1. Pastrimi dhe qeverisja e te dhenave.
2. Nje rast perdorimi i thjeshte me ROI te matshem (p.sh. chatbot).
3. Trajnim i stafit ose marrje e ekspertizes nga jashte."
8,5/15/2026 12:02,5/15/2026 12:10,anonymous,,"Po, jap pelqimin tim","Konsulent ose ekspert i jashtem (fintech, teknologji, financa)",3-5 vjet,"Jo, por ka plane per te krijuar","Jo, por kemi plane konkrete per vitin e ardhshem","Sherbimi ndaj klientit (chatbot, asistent virtual);Automatizimi i proceseve te brendshme (back-office);","Kryesisht kemi pilotuar automatizim te proceseve back-office dhe nje chatbot baze. Ka ndihmuar ne shpejtesi, por ende kerkon shume mbikeqyrje njerezore.",4,"Automatizimi i proceseve te brendshme;Sherbimi ndaj klientit (chatbot, asistente virtuale);Zbulimi i mashtrimeve;Vleresimi i riskut te kreditit;Personalizimi i produkteve per klientin;Perputhshmeria rregullatore;","Po, klientet duan procese me te shpejta dhe online.",Pengese e madhe,Pengese e madhe,Pengese e madhe,Pengese e madhe,Pengese e moderuar,Pengese e moderuar,Buxheti dhe stafi. Bankat e vogla e kane te veshtire te financojne dhe te gjejne staf per IA.,"Po, ka shqetesime; duhet kujdes me te dhenat personale.",Nuk kam informacion te mjaftueshem per te vleresuar,3,"Informim me i mire, rregullore te percaktuara qarte dhe mbeshtetje per trajnimin e stafit.",Do kete me shume automatizim dhe me pak pune manuale ne sportel.,1. Trajnim stafi. 2. Nje rast pilot. 3. Investim ne infrastrukture.
9,5/18/2026 9:15,5/18/2026 9:21,anonymous,,"Po, jap pelqimin tim",Specialist Bankar,6-10 vjet,"Po, por eshte pjese e departamentit te IT","Jo, por e kemi ne diskutim",,Aktualisht nuk perdorim. Eshte ne diskutim per sherbimin ndaj klientit.,3,"Sherbimi ndaj klientit (chatbot, asistente virtuale);Zbulimi i mashtrimeve;Automatizimi i proceseve te brendshme;Vleresimi i riskut te kreditit;Personalizimi i produkteve per klientin;Perputhshmeria rregullatore;","Po, kerkojne me shume sherbime online.",Pengese e madhe,Pengese e madhe,Pengese e madhe,Pengese e moderuar,Pengese e moderuar,Pengese e vogel,Buxheti dhe infrastruktura.,Po.,Nuk kam informacion te mjaftueshem per te vleresuar,2,Rregullore me te qarta dhe trajnim stafi.,"Me pak radhe ne sportel, me shume sherbim ne aplikacion.","Trajnim stafi, instalim sistemesh, nje sherbim pilot."
10,5/20/2026 15:48,5/20/2026 15:53,anonymous,,"Po, jap pelqimin tim",Operacione,3-5 vjet,"Jo, por ka plane per te krijuar",Nuk jam i/e sigurt,,Ne shqyrtim. Mendojme per automatizim te proceseve ne sportel.,3,"Automatizimi i proceseve te brendshme;Sherbimi ndaj klientit (chatbot, asistente virtuale);Zbulimi i mashtrimeve;Vleresimi i riskut te kreditit;Personalizimi i produkteve per klientin;Perputhshmeria rregullatore;",Po pak.,Pengese e madhe,Pengese e moderuar,Pengese e madhe,Pengese e madhe,Pengese e moderuar,Pengese e moderuar,Mungesa e buxhetit per investime.,Jo deri tani.,Nuk kam informacion te mjaftueshem per te vleresuar,3,Informim dhe rregullore te percaktuara.,Me pak radhe ne sportel.,"Trajnim stafi, instalim i sistemeve."
